<?xml version="1.0" encoding="ISO-8859-1"?>
<!--
 [y] hybris Platform

 Copyright (c) 2000-2013 hybris AG
 All rights reserved.

 This software is the confidential and proprietary information of hybris
 ("Confidential Information"). You shall not disclose such Confidential
 Information and shall use it only in accordance with the terms of the
 license agreement you entered into with hybris.
-->

<!--
	ATTENTION: This is just an example file. You have to edit it according to your needs.
-->

<beans xmlns:xsi="http://www.w3.org/2001/XMLSchema-instance" xsi:noNamespaceSchemaLocation="beans.xsd">

	<bean class="com.hybris.addon.impex.ImpexMacroParameterData">
		<property name="supportedUiExperienceLevels" type="java.util.List&lt;de.hybris.platform.acceleratorservices.enums.UiExperienceLevel&gt;" />
	</bean>
	
	<bean class="com.hybris.addon.common.setup.sync.EditSyncAttributeDescriptorData" >
		<property name="includeInSync" type="java.lang.Boolean" />
		<property name="copyByValue" type="java.lang.Boolean" />
		<property name="untranslatable" type="java.lang.Boolean" />
		<property name="qualifier" type="java.lang.String" />
	</bean>
	
</beans>
